{
  "per_seed": {
    "E1": {
      "eer": [
        2.255922009954847,
        2.2101354491142344,
        2.259489869015047,
        2.558039294329521,
        2.7166673490124835
      ],
      "auc": [
        0.9965212891599078,
        0.9964062951291344,
        0.996501428050296,
        0.996486556140936,
        0.9957389298555608
      ],
      "cos": [
        0.0014869174241348127,
        0.0016674514402684212,
        0.0013550979906998537,
        0.0018408398435919308,
        0.0015489873392484576
      ]
    },
    "E2": {
      "eer": [
        2.2807119804428124,
        2.349860211628977,
        2.4106179023024197,
        2.3544747197813902,
        2.272876568730381
      ],
      "auc": [
        0.9957275368052878,
        0.9955607346456407,
        0.9959320406325539,
        0.9964793436664887,
        0.9968961163476471
      ],
      "cos": [
        0.07303580390389525,
        0.0636664367377701,
        0.0657634854106022,
        0.06848829995943875,
        0.06956903827109027
      ]
    },
    "E3": {
      "eer": [
        2.5748319405383038,
        2.7429203151928805,
        2.514328683898327,
        2.709479587567058,
        2.6160965146932185
      ],
      "auc": [
        0.9958710522603036,
        0.9957032888095699,
        0.995921002498988,
        0.9951216532416649,
        0.9961245551523463
      ],
      "cos": [
        0.0006627990374409647,
        0.0006328132691148134,
        0.000705414359511167,
        0.0006166991904565641,
        0.0006497904658224505
      ]
    },
    "E4": {
      "eer": [
        2.193631932488936,
        2.343869446659177,
        2.377096218393221,
        2.3538212869227153,
        2.3956409898779203
      ],
      "auc": [
        0.9968577417009168,
        0.9964097533085846,
        0.9966534775709828,
        0.995722762559428,
        0.996922231531139
      ],
      "cos": [
        0.0014409533333799376,
        0.0015983607540410662,
        0.0018561988266615483,
        0.0013190099932945034,
        0.001814909268039589
      ]
    },
    "E5": {
      "eer": [
        6.824273515660762,
        7.537348024817033,
        7.166973028373327,
        7.2100995970458825,
        7.354832083946578
      ],
      "auc": [
        0.9822517884053366,
        0.9783968192952195,
        0.9806803812887841,
        0.9801231042403222,
        0.9784377613208508
      ],
      "cos": [
        0.0007870813361811781,
        0.0007522464716846105,
        0.0007961818529533445,
        0.000822231611179872,
        0.0007085555315123418
      ]
    }
  },
  "summary": {
    "E1": {
      "eer": [
        2.4000507942852267,
        0.2246134053158801
      ],
      "auc": [
        0.9963308996671669,
        0.00033379251031262914
      ],
      "cos": [
        0.001579858807588695,
        0.00018431775794631864
      ],
      "cos_ratio_vs_E1": 1.0
    },
    "E2": {
      "eer": [
        2.333708276577196,
        0.05726326218001268
      ],
      "auc": [
        0.9961191544195238,
        0.0005553410439315643
      ],
      "cos": [
        0.06810461285655932,
        0.003598148402740317
      ],
      "cos_ratio_vs_E1": 43.10803758502061
    },
    "E3": {
      "eer": [
        2.6315314083779575,
        0.0944364222931584
      ],
      "auc": [
        0.9957483103925746,
        0.000381173968382309
      ],
      "cos": [
        0.0006535032644691919,
        3.382888495458482e-05
      ],
      "cos_ratio_vs_E1": 0.4136466254643477
    },
    "E4": {
      "eer": [
        2.332811974868394,
        0.08037929214633108
      ],
      "auc": [
        0.9965131933342102,
        0.00048507374162542517
      ],
      "cos": [
        0.001605886435083329,
        0.00023232762149642095
      ],
      "cos_ratio_vs_E1": 1.0164746541713807
    },
    "E5": {
      "eer": [
        7.218705249968717,
        0.2638135733498537
      ],
      "auc": [
        0.9799779709101027,
        0.0016245750239157006
      ],
      "cos": [
        0.0007732593607022694,
        4.399686349812047e-05
      ],
      "cos_ratio_vs_E1": 0.4894483968997702
    }
  },
  "E1_disentanglement": {
    "M1_balanced_probe": [
      65.61121733588273,
      0.9399282574913168
    ],
    "M2_cross_state_cos": [
      0.8914236068725586,
      0.0023466259598986946
    ],
    "M3_mmd": [
      0.00506974458694458,
      0.0003993221537561131
    ],
    "M5_cos": [
      0.001579858807588695,
      0.00018431775794631864
    ]
  }
}