{
  "eer": [
    21.82583347019215,
    23.22466743307604,
    22.58375759566431,
    23.678354409591066,
    23.02471670224996
  ],
  "auc": [
    0.8581596786226835,
    0.8414263525645123,
    0.847219754837648,
    0.8396147623682767,
    0.8440464176196729
  ],
  "eer_mean": [
    22.867465922154704,
    0.702735626996985
  ],
  "auc_mean": 0.8460933932025586,
  "arch": "exact worker DOMCSStandard, Cin=14, s=32, orth=|cos|, 3 conv blocks"
}