{
  "DOMCS": {
    "n": 5,
    "eer": [
      45.741090491049434,
      3.5180179271750642
    ],
    "auc": [
      0.5611182120061158,
      0.04899310165450513
    ],
    "crr": [
      13.282969288881592,
      2.755586523765628
    ],
    "cmc": [
      13.282969288881592,
      22.37148957135819,
      30.487764821809815,
      37.58581047791098,
      44.28970274265068,
      50.57644933486615,
      56.00591230087042,
      60.98866808999835,
      65.9681392675316,
      70.45163409426837
    ]
  },
  "EEGNet": {
    "n": 5,
    "eer": [
      32.31770405649532,
      1.7856655635935144
    ],
    "auc": [
      0.7390861386828395,
      0.018981225551143475
    ],
    "crr": [
      18.525209393989158,
      1.8693812209721066
    ],
    "cmc": [
      18.525209393989158,
      30.872064378387257,
      40.88027590737396,
      48.72064378387255,
      55.8383971095418,
      62.348497290195425,
      67.4363606503531,
      72.15634751190672,
      75.92379701100346,
      79.42519297093119
    ]
  },
  "DeepConvNet": {
    "n": 5,
    "eer": [
      27.408769912957798,
      1.5708238413753388
    ],
    "auc": [
      0.7936995393856838,
      0.015197917527595835
    ],
    "crr": [
      28.697651502709807,
      0.9192952482514352
    ],
    "cmc": [
      28.697651502709807,
      43.842995565774345,
      53.26654623090819,
      60.82772212185908,
      66.83527672852685,
      71.87058630316965,
      76.21941205452455,
      79.60584660863853,
      82.66710461487928,
      85.13056331088849
    ]
  },
  "ShallowConvNet": {
    "n": 5,
    "eer": [
      31.40220068976844,
      0.5396723585134577
    ],
    "auc": [
      0.7435988844349949,
      0.003579623818159272
    ],
    "crr": [
      22.969288881589755,
      1.1591700995208651
    ],
    "cmc": [
      22.969288881589755,
      35.76285104286418,
      44.86779438331418,
      52.166201346690755,
      58.525209393989165,
      64.01379536869766,
      68.7140745606832,
      72.6457546395139,
      76.20298899655116,
      79.29380850714402
    ]
  },
  "ArcFace-only": {
    "n": 5,
    "eer": [
      23.23386434554114,
      1.439682399996143
    ],
    "auc": [
      0.8369077186241711,
      0.008671477099915855
    ],
    "crr": [
      43.4291345048448,
      0.40355300009371614
    ],
    "cmc": [
      43.4291345048448,
      56.26211200525538,
      63.63278042371489,
      69.7585810477911,
      74.12054524552471,
      77.45114140252915,
      80.05255378551486,
      82.38791262933158,
      84.33568730497619,
      86.1422236820496
    ]
  },
  "SupCon-only": {
    "n": 5,
    "eer": [
      29.981441944490065,
      0.841471770216841
    ],
    "auc": [
      0.7554720360149652,
      0.00871568055910126
    ],
    "crr": [
      18.27557891279356,
      0.8829894958174535
    ],
    "cmc": [
      18.27557891279356,
      32.24503202496305,
      44.591887009361145,
      53.65741501067498,
      60.8737066841846,
      66.4509771719494,
      70.91804894071277,
      74.67892921662013,
      78.12448677943833,
      81.14632944654295
    ]
  },
  "CNN+ArcFace": {
    "n": 5,
    "eer": [
      24.762112005255382,
      1.302733860504321
    ],
    "auc": [
      0.8176737828036693,
      0.018066232859721507
    ],
    "crr": [
      43.21235013959599,
      1.6692000570023424
    ],
    "cmc": [
      43.21235013959599,
      54.08769912957793,
      60.899983576942034,
      65.86960091969124,
      70.10346526523239,
      73.93332238462801,
      77.02414189522088,
      79.64854655936935,
      81.92478239448185,
      83.9743800295615
    ]
  },
  "DANN": {
    "n": 5,
    "eer": [
      23.17860075546067,
      1.370498695886017
    ],
    "auc": [
      0.8370944445318027,
      0.007669134010333333
    ],
    "crr": [
      43.461980620791586,
      0.4027166892514455
    ],
    "cmc": [
      43.461980620791586,
      56.124158318278866,
      63.60321891936279,
      69.82098866809,
      74.13696830349812,
      77.44785679093447,
      80.01642305797338,
      82.36492034816882,
      84.30612580062407,
      86.10280834291345
    ]
  },
  "PSD+KMeans": {
    "n": 1,
    "eer": [
      44.62226966661193,
      0.0
    ],
    "auc": [
      0.568662010446079,
      0.0
    ],
    "crr": [
      9.607488914435867,
      0.0
    ],
    "cmc": [
      9.607488914435867,
      19.72409262604697,
      27.754967975036955,
      35.73657415010675,
      42.24010510757103,
      47.495483659057314,
      52.60305468878305,
      57.79274100837576,
      62.555427820660206,
      66.69403842995565
    ]
  }
}