{
  "EEGNet": {
    "eers": [
      47.654927774273524,
      47.949076647327374,
      48.04868757142947
    ],
    "seeds_done": [
      1,
      2,
      3
    ]
  },
  "DeepConvNet": {
    "eers": [
      50.11616070146076,
      50.00749423880393,
      49.97095982463481
    ],
    "seeds_done": [
      1,
      2,
      3
    ]
  },
  "ShallowConvNet": {
    "eers": [
      49.978766323388896,
      49.95003840797387,
      49.969710784834156
    ],
    "seeds_done": [
      1,
      2,
      3
    ]
  },
  "ArcFace-only": {
    "eers": [
      3.6022307850839685,
      3.2621796993561185,
      3.5503956333568594
    ],
    "seeds_done": [
      1,
      2,
      3
    ]
  },
  "SupCon-only": {
    "eers": [
      5.064231871748593,
      5.072662890403001,
      5.238160663989556
    ],
    "seeds_done": [
      1,
      2,
      3
    ]
  },
  "CORAL": {
    "eers": [
      47.68552924938953,
      47.952823766729324,
      48.13674487737551
    ],
    "seeds_done": [
      1,
      2,
      3
    ]
  },
  "PSD_KMeans": {
    "eers": [
      27.01610636822942
    ],
    "seeds_done": [
      1
    ],
    "note": "Log bandpower (5 bands \u00d7 64 ch = 320 feat) + PCA(128) + KMeans gallery + cosine scoring"
  },
  "DANN": {
    "eers": [
      2.941520534792583,
      3.4098815470792037,
      2.7991097584472673
    ],
    "seeds_done": [
      1,
      2,
      3
    ],
    "note": "Loaded from DANN_PHYSIONET_SUMMARY.json"
  }
}