{
  "cell": "Cell_10",
  "checkpoint": "seed_3",
  "valid_runs": [
    3,
    4,
    5,
    6,
    7,
    8,
    9,
    10,
    11,
    12,
    13,
    14
  ],
  "run_eers": [
    1.0670874918487558,
    1.1397931784390736,
    1.5597151684796866,
    1.1082947646477777,
    2.571758218581234,
    2.7437440440966068,
    2.4890243157888876,
    3.1913853094928903,
    2.547614488458187,
    2.404084922438357,
    3.3421374694040646,
    2.779477169880943
  ],
  "run_aucs": [
    0.997251761804137,
    0.9954897023091345,
    0.9982139170128544,
    0.9990794200876255,
    0.9956623878777273,
    0.9956708939819308,
    0.9962325638725034,
    0.9932777980718561,
    0.994484459374755,
    0.9961572712907507,
    0.9927289969626429,
    0.9953137556545745
  ],
  "pearson_r": 0.8265999210414561,
  "pearson_p": 0.0009155389725803968,
  "security_roc": {
    "random_forgery_auc": 0.9457079164567654,
    "skilled_forgery_auc": 0.9670061442639508,
    "n_genuine": 160123,
    "n_random": 160123,
    "n_skilled": 109
  }
}