{
  "per_subject_eer": {
    "n_subjects": 109,
    "mean": 1.509250869475171,
    "std": 2.89284650340862,
    "median": 0.5521472392638064,
    "min": 0.0,
    "max": 23.989071038251367,
    "q1": 0.14344262295081697,
    "q3": 1.8920765027322415,
    "values": [
      0.10080645161290318,
      2.506830601092893,
      5.94086021505376,
      1.5710382513661199,
      0.06830601092896317,
      0.0,
      0.8669354838709701,
      0.19808743169398782,
      1.3729508196721318,
      3.0327868852459035,
      1.0928961748633885,
      0.054644808743170833,
      2.8073770491803254,
      0.4781420765027311,
      3.688524590163934,
      3.415300546448087,
      0.1366120218579208,
      0.006830601092896175,
      0.14344262295081697,
      6.01775956284153,
      1.9892473118279588,
      0.7325268817204326,
      1.6734972677595612,
      0.054644808743170833,
      0.0,
      1.6461748633879791,
      2.322404371584698,
      0.5669398907103829,
      0.33197831978319736,
      0.12872628726287022,
      1.4071038251366141,
      2.930107526881719,
      0.26639344262295095,
      0.34129692832764763,
      0.21505376344086008,
      4.378415300546451,
      0.12969283276450552,
      3.0054644808743185,
      2.2609289617486366,
      0.21174863387978016,
      0.20435967302452326,
      0.0,
      0.799180327868853,
      0.43032786885245644,
      2.677595628415302,
      3.965053763440861,
      0.34153005464481034,
      0.9972677595628407,
      1.4685792349726798,
      0.5532786885245905,
      1.3741496598639462,
      0.2390710382513663,
      0.12978142076502464,
      0.204918032786884,
      0.0,
      0.0,
      12.439516129032254,
      0.0,
      1.4959016393442603,
      1.8920765027322415,
      0.5913978494623681,
      0.7650273224043707,
      0.18442622950819546,
      0.5521472392638064,
      0.33602150537634673,
      0.4838709677419352,
      0.04781420765027465,
      0.1912568306010916,
      0.06830601092896317,
      0.21857923497267778,
      0.14784946236559132,
      0.9692832764505102,
      4.439890710382512,
      0.7576791808873699,
      3.524590163934428,
      0.14344262295081697,
      0.204918032786884,
      3.285519125683062,
      0.15456989247311817,
      2.247267759562844,
      0.01366120218579235,
      3.422131147540983,
      0.31586021505376605,
      0.7718579234972668,
      0.06830601092896317,
      0.26881720430107514,
      0.30054644808743186,
      4.241192411924117,
      0.1905387647831822,
      9.480874316939891,
      2.0491803278688505,
      0.08807588075880518,
      1.3866120218579243,
      0.8060109289617491,
      1.6196236559139778,
      1.545698924731185,
      0.0,
      0.7308743169398897,
      0.04781420765027465,
      0.15027322404371316,
      0.026881720430107527,
      0.27303754266211855,
      3.2258064516129017,
      0.559778852798894,
      0.0,
      0.08571428571428337,
      2.2311827956989263,
      23.989071038251367,
      0.0
    ]
  },
  "gallery_k_sensitivity": {
    "1": {
      "eer": 2.340388326474021,
      "auc": 0.9957643277984117
    },
    "2": {
      "eer": 2.3207159496137364,
      "auc": 0.9958457180034967
    },
    "3": {
      "eer": 2.288240914796748,
      "auc": 0.9958513967105349
    }
  }
}