{
  "expA_lambda_sensitivity": {
    "0.1": {
      "eers": [
        2.196748749398901,
        2.288240914796748
      ],
      "mean_eer": 2.2424948320978246
    },
    "0.01": {
      "eers": [
        3.773661497723624,
        3.80551201264028
      ],
      "mean_eer": 3.789586755181952
    },
    "0.05": {
      "eers": [
        3.768977598471177,
        3.7927093546835877
      ],
      "mean_eer": 3.7808434765773824
    },
    "0.2": {
      "eers": [
        3.795831954185222,
        3.745245842258761
      ],
      "mean_eer": 3.7705388982219916
    },
    "0.5": {
      "eers": [
        3.8785808409784974,
        3.780218956677052
      ],
      "mean_eer": 3.8293998988277744
    }
  },
  "expB_intrastate": {
    "same_state_eer": 0.0,
    "same_state_auc": 1.0,
    "b2t_cross_state_eer": 2.288240914796748,
    "b2t_cross_state_auc": 0.9958513967105349,
    "cross_state_penalty_pp": 2.288240914796748
  },
  "expC_enrollment_sensitivity": {
    "30": {
      "eer": 2.314783010560631,
      "auc": 0.9957120835259494
    },
    "60": {
      "eer": 2.3169688302117746,
      "auc": 0.995803375220393
    },
    "90": {
      "eer": 2.2913635142983826,
      "auc": 0.9958561062831899
    },
    "120": {
      "eer": 2.2754382568400553,
      "auc": 0.9958959263644073
    }
  },
  "expD_timing": {
    "gpu_batch1": {
      "ms_per_batch": 0.6842721812427044,
      "us_per_window": 684.2721812427044,
      "throughput_wps": 1461.4067726440426
    },
    "gpu_batch32": {
      "ms_per_batch": 0.7101837638765574,
      "us_per_window": 22.193242621142417,
      "throughput_wps": 45058.76032046569
    },
    "gpu_batch256": {
      "ms_per_batch": 0.8270048815757036,
      "us_per_window": 3.2304878186550923,
      "throughput_wps": 309550.7725567952
    },
    "cpu_batch1": {
      "ms_per_window": 1.0724269412457943,
      "us_per_window": 1072.4269412457943
    }
  }
}