{
  "DOMCS-EEG": {
    "clean": {
      "eer": 2.2594956516067186,
      "auc": 0.9965014304215041,
      "thr": 0.3142845034599304
    },
    "T0": {
      "eer": 2.2594956516067186,
      "auc": 0.9965014304215041,
      "thr": 0.3142845034599304
    },
    "T1": {
      "eer": 0.0,
      "auc": 1.0,
      "note": "R01 gallery -> R02 held-out probe"
    },
    "T2": {
      "10%": {
        "eer": 0.5996663213302938,
        "auc": 0.9996603017897756
      },
      "25%": {
        "eer": 0.6051511095289936,
        "auc": 0.999654019346625
      },
      "50%": {
        "eer": 0.5953120298030138,
        "auc": 0.999680540424911
      },
      "100%": {
        "eer": 0.576321998759748,
        "auc": 0.9996942126282402
      }
    },
    "T3": {
      "AWGN_30dB": {
        "eer": 2.265084526455473,
        "auc": 0.9964599836927321
      },
      "AWGN_20dB": {
        "eer": 2.4212723274538246,
        "auc": 0.9961088434456231
      },
      "AWGN_10dB": {
        "eer": 7.186969230367117,
        "auc": 0.9774560475171858
      },
      "AWGN_5dB": {
        "eer": 19.312037551687695,
        "auc": 0.8877549922510669
      },
      "powerline_50Hz": {
        "eer": 2.2738682832017334,
        "auc": 0.9964992886298731
      },
      "powerline_60Hz": {
        "eer": 2.255757206092261,
        "auc": 0.9965125848199291
      }
    },
    "T4": {
      "FGSM": {
        "0.001": {
          "eer": 2.87327351547535,
          "auc": 0.9947045613272325
        },
        "0.002": {
          "eer": 3.780623046678095,
          "auc": 0.991530499780351
        },
        "0.003": {
          "eer": 4.990422421615081,
          "auc": 0.9867297729819015
        },
        "0.005": {
          "eer": 8.014920858957556,
          "auc": 0.970660423835731
        },
        "0.007": {
          "eer": 12.02742211916524,
          "auc": 0.9437107269152339
        },
        "0.01": {
          "eer": 18.842625264643612,
          "auc": 0.8806574202751125
        }
      },
      "PGD": {
        "0.001": {
          "eer": 2.87327351547535,
          "auc": 0.9947020406577683
        },
        "0.002": {
          "eer": 3.7856638774069986,
          "auc": 0.9915043376706703
        },
        "0.003": {
          "eer": 5.0105857445306965,
          "auc": 0.9865999330945208
        },
        "0.005": {
          "eer": 8.156064119366874,
          "auc": 0.9696421546841139
        },
        "0.007": {
          "eer": 12.526464361326745,
          "auc": 0.9400723539874516
        },
        "0.01": {
          "eer": 19.729811472930734,
          "auc": 0.8694841564794606
        }
      }
    },
    "T5": {
      "TSR": 34.5,
      "n": 200,
      "thr": 0.3142845034599304,
      "mean_score": 0.24449961957056077
    }
  },
  "CNN+ArcFace": {
    "clean": {
      "eer": 2.4963592802847647,
      "auc": 0.9950377109118136,
      "thr": 0.26278847455978394
    },
    "T0": {
      "eer": 2.4963592802847647,
      "auc": 0.9950377109118136,
      "thr": 0.26278847455978394
    },
    "T1": {
      "eer": 0.0,
      "auc": 0.9999999999999999,
      "note": "R01 gallery -> R02 held-out probe"
    },
    "T2": {
      "10%": {
        "eer": 0.5876761175031876,
        "auc": 0.9996383651106429
      },
      "25%": {
        "eer": 0.5163449579617141,
        "auc": 0.9997169741516071
      },
      "50%": {
        "eer": 0.5159690895031839,
        "auc": 0.9996987927165326
      },
      "100%": {
        "eer": 0.505297316576768,
        "auc": 0.9997216788231272
      }
    },
    "T3": {
      "AWGN_30dB": {
        "eer": 2.5175409135708393,
        "auc": 0.9949852555769041
      },
      "AWGN_20dB": {
        "eer": 2.7422726649258773,
        "auc": 0.9944277879383406
      },
      "AWGN_10dB": {
        "eer": 7.886437301324609,
        "auc": 0.9727332777908255
      },
      "AWGN_5dB": {
        "eer": 21.962497117378053,
        "auc": 0.8620279387182896
      },
      "powerline_50Hz": {
        "eer": 2.561159002535318,
        "auc": 0.9949041538986694
      },
      "powerline_60Hz": {
        "eer": 2.549290233133281,
        "auc": 0.9949303978099475
      }
    },
    "T4": {
      "FGSM": {
        "0.001": {
          "eer": 3.533622340961791,
          "auc": 0.991737519924088
        },
        "0.002": {
          "eer": 4.687972577880832,
          "auc": 0.9868014900937537
        },
        "0.003": {
          "eer": 6.008670228853717,
          "auc": 0.9794510400663359
        },
        "0.005": {
          "eer": 9.64310918439359,
          "auc": 0.955770534555019
        },
        "0.007": {
          "eer": 14.03871357999798,
          "auc": 0.9176199481146617
        },
        "0.01": {
          "eer": 23.036596431091844,
          "auc": 0.8285171030624803
        }
      },
      "PGD": {
        "0.001": {
          "eer": 3.533622340961791,
          "auc": 0.9917331290805053
        },
        "0.002": {
          "eer": 4.667809254965216,
          "auc": 0.9867656925217663
        },
        "0.003": {
          "eer": 6.064119366871662,
          "auc": 0.9792843963719802
        },
        "0.005": {
          "eer": 9.799374936989615,
          "auc": 0.9545689985037692
        },
        "0.007": {
          "eer": 14.537755822159493,
          "auc": 0.9133498273204202
        },
        "0.01": {
          "eer": 24.286722451860065,
          "auc": 0.8146935941789855
        }
      }
    },
    "T5": {
      "TSR": 45.5,
      "n": 200,
      "thr": 0.26278847455978394,
      "mean_score": 0.2553506414499134
    }
  }
}