{
  "domcs_eers": [
    2.2558439449673062,
    2.210155688185077,
    2.259501434198388,
    2.5580364030336886,
    2.7166644577166514
  ],
  "dann_eers": [
    2.9283738126315373,
    3.3230703896379636,
    2.7803510310707886,
    2.7185380174176275,
    2.6298330612045673
  ],
  "cnn_eer": 2.4963592802847647,
  "DOMCS_vs_DANN": {
    "domcs": "2.400+/-0.225",
    "dann": "2.876+/-0.273",
    "delta_pp": 0.47599287677227453,
    "t": -2.291960579858364,
    "df": 4,
    "p_two": 0.0836761938766168,
    "p_one": 0.0418380969383084,
    "cohen_d": 1.0249959316626274,
    "wilcoxon_p": 0.125
  },
  "DOMCS_vs_CNNArcFace": {
    "role": "DESCRIPTIVE ONLY (1 seed) \u2014 formal comparison is in R2 security, NOT here",
    "domcs": "2.400+/-0.225",
    "cnn": 2.4963592802847647,
    "delta_pp": 0.09631889466454258
  },
  "DOMCS_bootstrap95CI": [
    2.2383001401006313,
    2.589762013970281
  ]
}