{
  "domcs_eers": [
    2.335600340571519,
    2.1576584297117885,
    2.4771813150122326,
    2.3026222202792717,
    2.4855834207082936,
    2.3488019973534233,
    2.3644381252282676,
    2.1463650281808824,
    2.523037266952882,
    2.1389864412103563
  ],
  "dann_eers": [
    2.3709204104899912,
    2.0955533951793077,
    2.671025352963613,
    2.298666927577203,
    2.6163740790933634,
    2.385012586389028,
    2.1383561387183603,
    2.376147873359392,
    2.1520146202421704,
    2.251978282436118
  ],
  "domcs_mean_std": [
    2.328027458520892,
    0.14349720210139724
  ],
  "dann_mean_std": [
    2.3356049666448544,
    0.1930069843948081
  ],
  "domcs_ci95": [
    2.2417487332076425,
    2.412353937517015
  ],
  "paired": {
    "n": 10,
    "t": -0.12810825916448468,
    "p_one": 0.45044010943867024,
    "wilcoxon_p": 0.6953125,
    "cohen_dz": -0.04051138860367451,
    "domcs_lower_in": 6
  }
}